{"cameraMode":{"drawMode":0,"name":"Shaded","section":"Shading Mode"},"sceneLighting":true,"audioPlay":false,"sceneViewState":{"m_AlwaysRefresh":false,"showFog":true,"showSkybox":true,"showFlares":true,"showImageEffects":true,"showParticleSystems":true,"showVisualEffectGraphs":true,"m_FxEnabled":true},"in2DMode":false,"pivot":{"x":1.1628494262695313,"y":-10.592166900634766,"z":5.550937652587891},"rotation":{"x":-0.4338788688182831,"y":-0.007570529356598854,"z":0.0036456601228564979,"w":-0.9009338617324829},"size":14.763132095336914,"orthographic":false}